0,6690600.0,8932106.600000001,69347900.0,101269427.60000008,4163110.0,12253593.6,NaN,NaN,6272620.0,15828701.600000013,68745700.0,102417360.99999997,85228900.0,88853792.99999994,11602100.0,5941312.799999998
1,6656300.0,16140226.000000028,67625300.0,177290621.6,4153730.0,21167117.99999998,NaN,NaN,6233640.0,27306361.59999998,68111000.0,168669337.2,85299700.0,155936207,11526300.0,11030918.4
2,6670440.0,22516748.199999996,67917800.0,270856963,4171580.0,28532440.79999999,NaN,NaN,6423330.0,37164716.40000005,68312100.0,244795995,85149400.0,203840008,11703500.0,15578548.999999994
3,6665620.0,27785103.600000028,67557300.0,370017660.0,4158910.0,35405002.99999995,NaN,NaN,6242460.0,45542834.800000034,68495000.0,326672521,86104800.0,250637243,11502100.0,19862383.200000007
4,6701860.0,33454935.999999974,67778700.0,484390782.0,4180040.0,42241790.40000003,NaN,NaN,6368460.0,54865589.99999994,68782500.0,435808084.0,85042300.0,300061110,11570500.0,24231236.999999985
5,NaN,NaN,NaN,NaN,NaN,NaN,NaN,NaN,NaN,NaN,NaN,NaN,NaN,NaN,NaN,NaN
6,NaN,NaN,NaN,NaN,NaN,NaN,NaN,NaN,NaN,NaN,NaN,NaN,NaN,NaN,NaN,NaN
7,NaN,NaN,NaN,NaN,NaN,NaN,NaN,NaN,NaN,NaN,NaN,NaN,NaN,NaN,NaN,NaN
8,NaN,NaN,NaN,NaN,NaN,NaN,NaN,NaN,NaN,NaN,NaN,NaN,NaN,NaN,NaN,NaN
9,NaN,NaN,NaN,NaN,NaN,NaN,NaN,NaN,NaN,NaN,NaN,NaN,NaN,NaN,NaN,NaN
10,NaN,NaN,NaN,NaN,NaN,NaN,NaN,NaN,NaN,NaN,NaN,NaN,NaN,NaN,NaN,NaN
11,NaN,NaN,NaN,NaN,NaN,NaN,NaN,NaN,NaN,NaN,NaN,NaN,NaN,NaN,NaN,NaN
12,NaN,NaN,NaN,NaN,NaN,NaN,NaN,NaN,NaN,NaN,NaN,NaN,NaN,NaN,NaN,NaN
13,NaN,NaN,NaN,NaN,NaN,NaN,NaN,NaN,NaN,NaN,NaN,NaN,NaN,NaN,NaN,NaN
14,NaN,NaN,NaN,NaN,NaN,NaN,NaN,NaN,NaN,NaN,NaN,NaN,NaN,NaN,NaN,NaN
15,NaN,NaN,NaN,NaN,NaN,NaN,NaN,NaN,NaN,NaN,NaN,NaN,NaN,NaN,NaN,NaN
16,NaN,NaN,NaN,NaN,NaN,NaN,NaN,NaN,NaN,NaN,NaN,NaN,NaN,NaN,NaN,NaN
17,NaN,NaN,NaN,NaN,NaN,NaN,NaN,NaN,NaN,NaN,NaN,NaN,NaN,NaN,NaN,NaN
18,NaN,NaN,NaN,NaN,NaN,NaN,NaN,NaN,NaN,NaN,NaN,NaN,NaN,NaN,NaN,NaN
