0,3404970.0,131009438,4528690.0,132481547,1847700.0,126435207,5380670.0,128233441,2519310.0,128538453,3407740.0,142276407,NaN,NaN,NaN,NaN
1,3411850.0,172660072,4513440.0,193897996,1854200.0,165437896,5336930.0,168444371,2520970.0,168342227,3464530.0,218912688,NaN,NaN,NaN,NaN
2,3409780.0,218783942,4529700.0,326419185,1860770.0,216292116,5354930.0,230541179,2520160.0,217005977,3437140.0,365663330,NaN,NaN,NaN,NaN
3,3458830.0,273671647,4530260.0,530577160,1851400.0,283122824,5360080.0,346865187,2524830.0,280681944,3415190.0,585088301.0,NaN,NaN,NaN,NaN
4,3410430.0,335749278,4538420.0,762272944.0,1861460.0,383242489,5351610.0,542828241,2592850.0,378113027,3418070.0,835014445.0,NaN,NaN,NaN,NaN
5,NaN,NaN,NaN,NaN,NaN,NaN,NaN,NaN,NaN,NaN,NaN,NaN,NaN,NaN,NaN,NaN
6,NaN,NaN,NaN,NaN,NaN,NaN,NaN,NaN,NaN,NaN,NaN,NaN,NaN,NaN,NaN,NaN
7,NaN,NaN,NaN,NaN,NaN,NaN,NaN,NaN,NaN,NaN,NaN,NaN,NaN,NaN,NaN,NaN
8,NaN,NaN,NaN,NaN,NaN,NaN,NaN,NaN,NaN,NaN,NaN,NaN,NaN,NaN,NaN,NaN
9,NaN,NaN,NaN,NaN,NaN,NaN,NaN,NaN,NaN,NaN,NaN,NaN,NaN,NaN,NaN,NaN
10,NaN,NaN,NaN,NaN,NaN,NaN,NaN,NaN,NaN,NaN,NaN,NaN,NaN,NaN,NaN,NaN
11,NaN,NaN,NaN,NaN,NaN,NaN,NaN,NaN,NaN,NaN,NaN,NaN,NaN,NaN,NaN,NaN
12,NaN,NaN,NaN,NaN,NaN,NaN,NaN,NaN,NaN,NaN,NaN,NaN,NaN,NaN,NaN,NaN
13,NaN,NaN,NaN,NaN,NaN,NaN,NaN,NaN,NaN,NaN,NaN,NaN,NaN,NaN,NaN,NaN
14,NaN,NaN,NaN,NaN,NaN,NaN,NaN,NaN,NaN,NaN,NaN,NaN,NaN,NaN,NaN,NaN
15,NaN,NaN,NaN,NaN,NaN,NaN,NaN,NaN,NaN,NaN,NaN,NaN,NaN,NaN,NaN,NaN
16,NaN,NaN,NaN,NaN,NaN,NaN,NaN,NaN,NaN,NaN,NaN,NaN,NaN,NaN,NaN,NaN
17,NaN,NaN,NaN,NaN,NaN,NaN,NaN,NaN,NaN,NaN,NaN,NaN,NaN,NaN,NaN,NaN
18,NaN,NaN,NaN,NaN,NaN,NaN,NaN,NaN,NaN,NaN,NaN,NaN,NaN,NaN,NaN,NaN
