0,9443360.0,1617007422.0,147461000.0,16855076427.0,NaN,NaN,NaN,NaN,NaN,NaN,NaN,NaN,NaN,NaN,NaN,NaN
1,23963300.0,2880369472.0,138536000.0,33900368762.0,NaN,NaN,NaN,NaN,NaN,NaN,NaN,NaN,NaN,NaN,NaN,NaN
2,23885700.0,4576526304.0,146098000.0,61654261131.0,NaN,NaN,NaN,NaN,NaN,NaN,NaN,NaN,NaN,NaN,NaN,NaN
3,24014900.0,5535841983.0,145665000.0,85911621984.0,NaN,NaN,NaN,NaN,NaN,NaN,NaN,NaN,NaN,NaN,NaN,NaN
4,23742600.0,5967838102.0,132093000.0,86407070710.0,NaN,NaN,NaN,NaN,NaN,NaN,NaN,NaN,NaN,NaN,NaN,NaN
5,21603900.0,7720235682.0,146412000.0,86337122084.0,NaN,NaN,NaN,NaN,NaN,NaN,NaN,NaN,NaN,NaN,NaN,NaN
6,22439800.0,8199199379.0,130783000.0,85121217007.0,NaN,NaN,NaN,NaN,NaN,NaN,NaN,NaN,NaN,NaN,NaN,NaN
7,22978800.0,9550873524.0,143909000.0,86020353861.0,NaN,NaN,NaN,NaN,NaN,NaN,NaN,NaN,NaN,NaN,NaN,NaN
8,23409900.0,10248848451.0,143965000.0,85475542672.0,NaN,NaN,NaN,NaN,NaN,NaN,NaN,NaN,NaN,NaN,NaN,NaN
9,23764900.0,11244757804.0,146058000.0,85007841053.0,NaN,NaN,NaN,NaN,NaN,NaN,NaN,NaN,NaN,NaN,NaN,NaN
10,24271700.0,11998330551.0,146348000.0,83347337895.0,NaN,NaN,NaN,NaN,NaN,NaN,NaN,NaN,NaN,NaN,NaN,NaN
11,23961300.0,12782395567.0,145225000.0,84706486900.0,NaN,NaN,NaN,NaN,NaN,NaN,NaN,NaN,NaN,NaN,NaN,NaN
12,24240400.0,13266784412.0,147370000.0,83308333920.0,NaN,NaN,NaN,NaN,NaN,NaN,NaN,NaN,NaN,NaN,NaN,NaN
13,23947700.0,13820974210.0,112136000.0,83092416750.0,NaN,NaN,NaN,NaN,NaN,NaN,NaN,NaN,NaN,NaN,NaN,NaN
14,23867800.0,14941870276.0,145623000.0,85616589520.0,NaN,NaN,NaN,NaN,NaN,NaN,NaN,NaN,NaN,NaN,NaN,NaN
