0,185939,4334099.6,288480,4248058.999999998,106994,4236368.599999998,320683,4196807.600000001,144235,4249389.999999999,244051,4225215.399999997,537438,13119202.800000006,351301,7385767.200000006
1,185335,6265758.000000002,289233,6309442.0,107999,6195635.2,322013,6054177.000000002,144377,6194038.999999999,249086,6669579.199999995,538958,19499059.999999996,351638,10621525.399999997
2,185356,8174040.199999998,301273,9810146.200000001,108070,8136639.600000002,320103,8197132.799999996,144254,8109801.399999995,245120,11505045.799999986,537453,25895062.600000016,352013,13941058.600000013
3,185991,10154350.199999992,289931,22387112.600000016,107778,10108372.600000005,321241,10541114.399999997,144101,10118190.999999987,244129,26599222.19999998,538226,32909554.399999984,351568,16299840.000000007
4,185379,12275411.59999999,288087,77307682.59999995,107571,12419142.399999999,320738,13979874.39999999,143640,12248347.799999997,245506,83289733.80000001,537338,44386219.40000006,352798,20018868.399999976
5,NaN,NaN,NaN,NaN,NaN,NaN,NaN,NaN,NaN,NaN,NaN,NaN,NaN,NaN,NaN,NaN
6,NaN,NaN,NaN,NaN,NaN,NaN,NaN,NaN,NaN,NaN,NaN,NaN,NaN,NaN,NaN,NaN
7,NaN,NaN,NaN,NaN,NaN,NaN,NaN,NaN,NaN,NaN,NaN,NaN,NaN,NaN,NaN,NaN
8,NaN,NaN,NaN,NaN,NaN,NaN,NaN,NaN,NaN,NaN,NaN,NaN,NaN,NaN,NaN,NaN
9,NaN,NaN,NaN,NaN,NaN,NaN,NaN,NaN,NaN,NaN,NaN,NaN,NaN,NaN,NaN,NaN
10,NaN,NaN,NaN,NaN,NaN,NaN,NaN,NaN,NaN,NaN,NaN,NaN,NaN,NaN,NaN,NaN
11,NaN,NaN,NaN,NaN,NaN,NaN,NaN,NaN,NaN,NaN,NaN,NaN,NaN,NaN,NaN,NaN
12,NaN,NaN,NaN,NaN,NaN,NaN,NaN,NaN,NaN,NaN,NaN,NaN,NaN,NaN,NaN,NaN
13,NaN,NaN,NaN,NaN,NaN,NaN,NaN,NaN,NaN,NaN,NaN,NaN,NaN,NaN,NaN,NaN
14,NaN,NaN,NaN,NaN,NaN,NaN,NaN,NaN,NaN,NaN,NaN,NaN,NaN,NaN,NaN,NaN
15,NaN,NaN,NaN,NaN,NaN,NaN,NaN,NaN,NaN,NaN,NaN,NaN,NaN,NaN,NaN,NaN
16,NaN,NaN,NaN,NaN,NaN,NaN,NaN,NaN,NaN,NaN,NaN,NaN,NaN,NaN,NaN,NaN
17,NaN,NaN,NaN,NaN,NaN,NaN,NaN,NaN,NaN,NaN,NaN,NaN,NaN,NaN,NaN,NaN
18,NaN,NaN,NaN,NaN,NaN,NaN,NaN,NaN,NaN,NaN,NaN,NaN,NaN,NaN,NaN,NaN
