0,110272,399380.5999999997,156245,3720743.599999997,59535,453456.1999999998,169501,775711.6000000003,80601,541800.2,148781,13195278.6,320376,2928865.6000000006,217581,295079.9999999993
1,111019,1450212.2000000007,156338,37377191.20000001,59480,1714235.1999999995,168769,3753892.8,80639,2184153.9999999986,148659,130320118.20000017,319257,22033553.000000007,218641,1017559.5999999999
2,110204,4468552.200000001,157015,267895512.80000004,59405,5197621.600000005,168796,14201050.79999999,80913,7111804.39999999,148821,928722311.8000002,320300,99080412.00000006,221515,2654587.6000000043
3,110085,12678901.200000005,157015,1842511135.3999999,60036,15348873.4,168962,55067226.99999998,80890,21584905.599999987,148561,5151325999.200002,322032,303536765.40000004,218398,6414750.9999999935
4,110027,33648063.00000001,157672,9801501063.0,59461,44605339.59999999,168710,217071062.80000007,80657,59983271.80000003,147734,22805474594.0,319305,851002966.7999996,217059,13366527.999999993
5,109990,84077284.79999992,0,0,NaN,NaN,NaN,NaN,NaN,NaN,NaN,NaN,NaN,NaN,NaN,NaN
6,110286,184951534.4,NaN,NaN,NaN,NaN,NaN,NaN,NaN,NaN,NaN,NaN,NaN,NaN,NaN,NaN
7,110238,366409861.1999999,NaN,NaN,NaN,NaN,NaN,NaN,NaN,NaN,NaN,NaN,NaN,NaN,NaN,NaN
8,110020,668095274.4,NaN,NaN,NaN,NaN,NaN,NaN,NaN,NaN,NaN,NaN,NaN,NaN,NaN,NaN
9,112365,1091874548.0,NaN,NaN,NaN,NaN,NaN,NaN,NaN,NaN,NaN,NaN,NaN,NaN,NaN,NaN
10,NaN,NaN,NaN,NaN,NaN,NaN,NaN,NaN,NaN,NaN,NaN,NaN,NaN,NaN,NaN,NaN
11,NaN,NaN,NaN,NaN,NaN,NaN,NaN,NaN,NaN,NaN,NaN,NaN,NaN,NaN,NaN,NaN
12,NaN,NaN,NaN,NaN,NaN,NaN,NaN,NaN,NaN,NaN,NaN,NaN,NaN,NaN,NaN,NaN
13,NaN,NaN,NaN,NaN,NaN,NaN,NaN,NaN,NaN,NaN,NaN,NaN,NaN,NaN,NaN,NaN
14,NaN,NaN,NaN,NaN,NaN,NaN,NaN,NaN,NaN,NaN,NaN,NaN,NaN,NaN,NaN,NaN
15,NaN,NaN,NaN,NaN,NaN,NaN,NaN,NaN,NaN,NaN,NaN,NaN,NaN,NaN,NaN,NaN
16,NaN,NaN,NaN,NaN,NaN,NaN,NaN,NaN,NaN,NaN,NaN,NaN,NaN,NaN,NaN,NaN
17,NaN,NaN,NaN,NaN,NaN,NaN,NaN,NaN,NaN,NaN,NaN,NaN,NaN,NaN,NaN,NaN
18,NaN,NaN,NaN,NaN,NaN,NaN,NaN,NaN,NaN,NaN,NaN,NaN,NaN,NaN,NaN,NaN
